question,feedback
list the  transfer properties ?,good
CanControllerFdBaudrateConfig,good
explain all the subcontainer  and container in  AR_EcucDef_CanIf diagram ,good
explain all the subcontainer  and container in  AR_EcucDef_CanIf diagram,good
explain Process Busy behavior diagram,good
list the  transfer properties ?,good
list the  transfer properties ?,good
reception flow for com stack from bottom to top,good
reception flow for com stack from bottom to top,good
transmission flow for com stack from top to bottom,good
reception flow of com stack from bottom to top with all api,good
AUTOSAR DCM Multi-Frame Reception Flow bottom to top,good
reception flow of DCM multi-frame stack from bottom to top with all api,good
list the  transfer properties ?,good
list the  transfer properties ?,good
explain transfer properties,good
transmission flow for DCM stack from  top to bottom  with all the layer s and api,good
reception flow for DCM stack from  bottom to top   with all the layer s and api,good
